{
  "formatVersion": 1,
  "database": {
    "version": 1,
    "identityHash": "5c2dbd9d3c1b887fa18efb783e48fcfa",
    "entities": [
      {
        "tableName": "QuoteRow",
        "createSql": "CREATE TABLE IF NOT EXISTS `${TABLE_NAME}` (`symbol` TEXT NOT NULL, `name` TEXT NOT NULL, `last_trade_price` REAL NOT NULL, `change_percent` REAL NOT NULL, `change` REAL NOT NULL, `exchange` TEXT NOT NULL, `currency` TEXT NOT NULL, `description` TEXT NOT NULL, PRIMARY KEY(`symbol`))",
        "fields": [
          {
            "fieldPath": "symbol",
            "columnName": "symbol",
            "affinity": "TEXT",
            "notNull": true
          },
          {
            "fieldPath": "name",
            "columnName": "name",
            "affinity": "TEXT",
            "notNull": true
          },
          {
            "fieldPath": "lastTradePrice",
            "columnName": "last_trade_price",
            "affinity": "REAL",
            "notNull": true
          },
          {
            "fieldPath": "changeInPercent",
            "columnName": "change_percent",
            "affinity": "REAL",
            "notNull": true
          },
          {
            "fieldPath": "change",
            "columnName": "change",
            "affinity": "REAL",
            "notNull": true
          },
          {
            "fieldPath": "stockExchange",
            "columnName": "exchange",
            "affinity": "TEXT",
            "notNull": true
          },
          {
            "fieldPath": "currency",
            "columnName": "currency",
            "affinity": "TEXT",
            "notNull": true
          },
          {
            "fieldPath": "description",
            "columnName": "description",
            "affinity": "TEXT",
            "notNull": true
          }
        ],
        "primaryKey": {
          "columnNames": [
            "symbol"
          ],
          "autoGenerate": false
        },
        "indices": [],
        "foreignKeys": []
      },
      {
        "tableName": "HoldingRow",
        "createSql": "CREATE TABLE IF NOT EXISTS `${TABLE_NAME}` (`id` INTEGER PRIMARY KEY AUTOINCREMENT, `quote_symbol` TEXT NOT NULL, `shares` REAL NOT NULL, `price` REAL NOT NULL)",
        "fields": [
          {
            "fieldPath": "id",
            "columnName": "id",
            "affinity": "INTEGER",
            "notNull": false
          },
          {
            "fieldPath": "quoteSymbol",
            "columnName": "quote_symbol",
            "affinity": "TEXT",
            "notNull": true
          },
          {
            "fieldPath": "shares",
            "columnName": "shares",
            "affinity": "REAL",
            "notNull": true
          },
          {
            "fieldPath": "price",
            "columnName": "price",
            "affinity": "REAL",
            "notNull": true
          }
        ],
        "primaryKey": {
          "columnNames": [
            "id"
          ],
          "autoGenerate": true
        },
        "indices": [],
        "foreignKeys": []
      }
    ],
    "views": [],
    "setupQueries": [
      "CREATE TABLE IF NOT EXISTS room_master_table (id INTEGER PRIMARY KEY,identity_hash TEXT)",
      "INSERT OR REPLACE INTO room_master_table (id,identity_hash) VALUES(42, '5c2dbd9d3c1b887fa18efb783e48fcfa')"
    ]
  }
}