{
  "formatVersion": 1,
  "database": {
    "version": 2,
    "identityHash": "ab186383424cdc864d156bd76b58b280",
    "entities": [
      {
        "tableName": "QuoteRow",
        "createSql": "CREATE TABLE IF NOT EXISTS `${TABLE_NAME}` (`symbol` TEXT NOT NULL, `name` TEXT NOT NULL, `last_trade_price` REAL NOT NULL, `change_percent` REAL NOT NULL, `change` REAL NOT NULL, `exchange` TEXT NOT NULL, `currency` TEXT NOT NULL, `is_post_market` INTEGER NOT NULL, `annual_dividend_rate` REAL NOT NULL, `annual_dividend_yield` REAL NOT NULL, PRIMARY KEY(`symbol`))",
        "fields": [
          {
            "fieldPath": "symbol",
            "columnName": "symbol",
            "affinity": "TEXT",
            "notNull": true
          },
          {
            "fieldPath": "name",
            "columnName": "name",
            "affinity": "TEXT",
            "notNull": true
          },
          {
            "fieldPath": "lastTradePrice",
            "columnName": "last_trade_price",
            "affinity": "REAL",
            "notNull": true
          },
          {
            "fieldPath": "changeInPercent",
            "columnName": "change_percent",
            "affinity": "REAL",
            "notNull": true
          },
          {
            "fieldPath": "change",
            "columnName": "change",
            "affinity": "REAL",
            "notNull": true
          },
          {
            "fieldPath": "stockExchange",
            "columnName": "exchange",
            "affinity": "TEXT",
            "notNull": true
          },
          {
            "fieldPath": "currency",
            "columnName": "currency",
            "affinity": "TEXT",
            "notNull": true
          },
          {
            "fieldPath": "isPostMarket",
            "columnName": "is_post_market",
            "affinity": "INTEGER",
            "notNull": true
          },
          {
            "fieldPath": "annualDividendRate",
            "columnName": "annual_dividend_rate",
            "affinity": "REAL",
            "notNull": true
          },
          {
            "fieldPath": "annualDividendYield",
            "columnName": "annual_dividend_yield",
            "affinity": "REAL",
            "notNull": true
          }
        ],
        "primaryKey": {
          "columnNames": [
            "symbol"
          ],
          "autoGenerate": false
        },
        "indices": [],
        "foreignKeys": []
      },
      {
        "tableName": "HoldingRow",
        "createSql": "CREATE TABLE IF NOT EXISTS `${TABLE_NAME}` (`id` INTEGER PRIMARY KEY AUTOINCREMENT, `quote_symbol` TEXT NOT NULL, `shares` REAL NOT NULL, `price` REAL NOT NULL)",
        "fields": [
          {
            "fieldPath": "id",
            "columnName": "id",
            "affinity": "INTEGER",
            "notNull": false
          },
          {
            "fieldPath": "quoteSymbol",
            "columnName": "quote_symbol",
            "affinity": "TEXT",
            "notNull": true
          },
          {
            "fieldPath": "shares",
            "columnName": "shares",
            "affinity": "REAL",
            "notNull": true
          },
          {
            "fieldPath": "price",
            "columnName": "price",
            "affinity": "REAL",
            "notNull": true
          }
        ],
        "primaryKey": {
          "columnNames": [
            "id"
          ],
          "autoGenerate": true
        },
        "indices": [],
        "foreignKeys": []
      },
      {
        "tableName": "PropertiesRow",
        "createSql": "CREATE TABLE IF NOT EXISTS `${TABLE_NAME}` (`id` INTEGER PRIMARY KEY AUTOINCREMENT, `properties_quote_symbol` TEXT NOT NULL, `notes` TEXT NOT NULL, `alert_above` REAL NOT NULL, `alert_below` REAL NOT NULL)",
        "fields": [
          {
            "fieldPath": "id",
            "columnName": "id",
            "affinity": "INTEGER",
            "notNull": false
          },
          {
            "fieldPath": "quoteSymbol",
            "columnName": "properties_quote_symbol",
            "affinity": "TEXT",
            "notNull": true
          },
          {
            "fieldPath": "notes",
            "columnName": "notes",
            "affinity": "TEXT",
            "notNull": true
          },
          {
            "fieldPath": "alertAbove",
            "columnName": "alert_above",
            "affinity": "REAL",
            "notNull": true
          },
          {
            "fieldPath": "alertBelow",
            "columnName": "alert_below",
            "affinity": "REAL",
            "notNull": true
          }
        ],
        "primaryKey": {
          "columnNames": [
            "id"
          ],
          "autoGenerate": true
        },
        "indices": [],
        "foreignKeys": []
      }
    ],
    "views": [],
    "setupQueries": [
      "CREATE TABLE IF NOT EXISTS room_master_table (id INTEGER PRIMARY KEY,identity_hash TEXT)",
      "INSERT OR REPLACE INTO room_master_table (id,identity_hash) VALUES(42, 'ab186383424cdc864d156bd76b58b280')"
    ]
  }
}